{
  "duration_s": 60.0,
  "sample_hz": 240.0,
  "num_moves": 3181,
  "num_click_events": 296,
  "qp_center": [
    965,
    184
  ],
  "step_distance": {
    "count": 3180,
    "mean": 1.0655669847526192,
    "p50": 0.0,
    "p90": 2.0,
    "p95": 3.0,
    "max": 54.45181356024793
  },
  "step_dt": {
    "count": 3180,
    "mean": 0.018861354968536928,
    "p50": 0.02295450004749,
    "p90": 0.023067800095304847,
    "p95": 0.023121900158002973,
    "max": 0.023456500144675374
  },
  "speed_px_per_s": {
    "count": 782,
    "mean": 914.6566716890611,
    "p50": 307.9666195447783,
    "p90": 2315.6427285291365,
    "p95": 4583.665310648621,
    "max": 11807.063195115907
  }
}